p, admin, /*, *

p, anonymous, /login*, *
p, anonymous, /user*, *
p, anonymous, /ads*, *
p, anonymous, /header*, *
p, anonymous, /footer*, *
p, anonymous, /index*, *
p, anonymous, /, *
p, anonymous, /contact*, *
p, anonymous, /tnc*, *
p, anonymous, /menu*, *
p, anonymous, /about*, *
p, anonymous, /validate*, *
p, anonymous, /register*, *
p, anonymous, /grooms*, *
p, anonymous, /brides*, *


p, user, /login*, *
p, user, /user*, *
p, user, /ads*, *
p, user, /brides*, *
p, user, /grooms*, *
p, user, /header*, *
p, user, /footer*, *
p, user, /index*, *
p, user, /, *
p, user, /contact*, *
p, user, /tnc*, *
p, user, /menu*, *
p, user, /logout*, *
p, user, /about*, *
p, user, /myad*, *
p, user, /validate*, *
p, user, /messages*, *


p, broker, /login*, *
p, broker, /user*, *
p, broker, /ads*, *
p, broker, /header*, *
p, broker, /footer*, *
p, broker, /index*, *
p, broker, /, *
p, broker, /contact*, *
p, broker, /tnc*, *
p, broker, /menu*, *
p, broker, /brides*, *
p, broker, /grooms*, *
p, broker, /about*, *
p, broker, /myad*, *
p, broker, /logout*, *
p, broker, /validate*, *
p, broker, /messages*, *